Workbook

Sheet Informe
IG3: Motivo de espera en Bahía | IH3: Regimen | II3: Tipo de Operación | IJ3: Supervisores de Muelle | IM3: Equipo Tisur | IO3: SERVICIOS A LIQUIDAR | IR3: Agencias | IS3: Equipos Terceros | IU3: Estado de la Mar | IW3: Recepción de la nave | IY3: 42551
B4: FORSUR-O-0050 | H4: Hrs Esp Bahia | I4: =C10-C9 -> 5.2923611 | N4: REVISIÓN-14 | IG4: Alistamiento de carga | IH4: IMPORTACION | II4: DESCARGA INDIRECTA | IJ4: JANNETT ALBITRES | IL4: OPERADOR TORRE VIGAN | IM4: TORRE VIGAN | IO4: ALQUILER DE ELEVADORA | IR4: INMARPAC | IS4: PAYLOADER | IU4: BUENO | IW4: EN BAHIA | IY4: Nombre del Trabajador | IZ4: Cargo
B5: Nave | D5: SKY KNIGHT | H5: Hrs Pre | I5: =C11-C10 -> 0.22152778 | L5: TIEMPOS MUERTOS | P5: TIEMPOS MUERTOS APN | T5: BODEGA | U5: EQUIPO | V5: PESO | W5: CANT. | IG5: Apertura de muelle | IH5: EXPORTACION | II5: DESCARGA DIRECTA | IJ5: JORGE HUERTA | IL5: OPERADOR TORRE BHULER | IM5: TORREBHULER | IO5: ALQUILER DE GRUA GOTTWALD | IR5: TRANSTOTAL | IS5: BOBCAT | IU5: MALO | IW5: EN MUELLE | IY5: ALBITRES VELASQUEZ, JANNET | IZ5: SUP. MUELLE | JB5: FIGUEROA FLORES,MARCO ANTONIO | JC5: GAVIERO
B6: Recalada | D6: 10841 | H6: Hrs Post | I6: =IF(C13="",0,C13-C12) -> 0.079166667 | L6: Detalle | N6: Tiempo | P6: Detalle | R6: Tiempo | T6: =IF($D$46="","",$D$46) -> BODEGA N°1 | U6: =IF($D$47="","",$D$47) -> EMBARQUE - LOTE 25105 | V6: =$D$103 -> 2095.6895 | W6: =$E$103 -> 0 | IG6: Espera de instrucciones | IH6: BOLIVIA EXPORTACION | II6: EMBARQUE INDIRECTO | IJ6: JESUS PASTOR | IL6: OPERADOR ELEVADORA 05 | IM6: ELEVADORA 05 TNS. | IO6: ALQUILER DE GRUA GROVE | IR6: RASAN | IS6: ELEVADORA | IU6: REGULAR | IY6: ALIAGA ARELA EVA | IZ6: TARJADOR | JB6: FIGUEROA RODRIGUEZ, EDER | JC6: GAVIERO
B7: Supervisor de Muelle | H7: Hrs Oper. | I7: =C12-C11 -> 1.1944444 | L7: Tisur | N7: =SUMIF('Serv. no Conf. - Horas Muertas'!$N$18:$N$66,"TISUR",'Serv. no Conf. - Horas Muertas'!$F$18:$F$66) -> 0.055555556 | P7: Agencia Marítima / Nave | R7: =SUMIF('Serv. no Conf. - Horas Muertas'!$O$72:$O$225,P7,'Serv. no Conf. - Horas Muertas'!$F$72:$F$225) -> 0 | T7: =IF($F$46="","",$F$46) -> BODEGA N°2 | U7: =IF($F$47="","",$F$47) -> EMBARQUE - LOTE 25106 | V7: =$F$103 -> 2029.7122 | W7: =$G$103 -> 0 | IG7: En espera de muelle por eslora | IH7: BOLIVIA IMPORTACION | II7: EMBARQUE DIRECTO | IJ7: MANUEL GALLEGOS | IL7: OPERADOR ELEVADORA 07 | IM7: ELEVADORA 07 TNS. | IO7: ALQUILER DE PORTACONTENEDORES | IR7: CANOPUS | IS7: CAMIONES | IY7: ALVAREZ VERGARA, MANUEL | IZ7: OP. FAJA | JB7: BUSTAMANTE, PAUL | JC7: GAVIERO
L8: Ag. Marítimo | N8: =SUMIF('Serv. no Conf. - Horas Muertas'!$N$18:$N$66,"NAVIERO",'Serv. no Conf. - Horas Muertas'!$F$18:$F$66) -> 0.18680556 | P8: Cliente | R8: =SUMIF('Serv. no Conf. - Horas Muertas'!$O$72:$O$225,P8,'Serv. no Conf. - Horas Muertas'!$F$72:$F$225) -> 0 | T8: =IF($H$46="","",$H$46) -> BODEGA N°3 | U8: =IF($H$47="","",$H$47) -> EMBARQUE | V8: =$H$103 -> 0 | W8: =$I$103 -> 0 | IG8: Inspecciones fitosanitarias | IH8: CABOTAJE | IJ8: FABRICIO RIVERA | IL8: OPERADOR ELEVADORA 13 | IM8: ELEVADORA 13 TNS. | IO8: SUMINISTRO DE AGUA | IR8: AGUNSA | IS8: TRIMADORA | IY8: AMAO MAMANI ENRIQUE POMPEYO | IZ8: OPERADOR | JB8: PEÑARANDA DEL CARPIO, HELBERT | JC8: GAVIERO
B9: Arribo | C9: 45933.438 | F9: Bandera | H9: PANAMA | L9: Ag. Estiba | N9: =SUMIF('Serv. no Conf. - Horas Muertas'!$N$18:$N$66,"ESTIBA",'Serv. no Conf. - Horas Muertas'!$F$18:$F$66) -> 0.18055556 | P9: Empresa Practicaje | R9: =SUMIF('Serv. no Conf. - Horas Muertas'!$O$72:$O$225,P9,'Serv. no Conf. - Horas Muertas'!$F$72:$F$225) -> 0 | T9: =IF($J$46="","",$J$46) -> BODEGA N°4 | U9: =IF($J$47="","",$J$47) -> EMBARQUE - LOTE 25107 | V9: =$J$103 -> 2060.0262 | W9: =$K$103 -> 0 | IG9: Alistamiento de bodegas | IH9: TRANSBORDO | IJ9: JOSE CACERES | IL9: OPERADOR ELEVADORA 20 | IM9: ELEVADORA 20 TNS. | IO9: CONEXIÓN DE MANGAS | IR9: TRAMARSA | IY9: ANDIA ANTONY | IZ9: TARJADOR | JB9: ZEGARRA MEDINA, MIKI | JC9: GAVIERO
B10: Atraque | C10: 45938.73 | F10: Pto. Origen | H10: CHILE | L10: Cliente | N10: =SUMIF('Serv. no Conf. - Horas Muertas'!$N$18:$N$66,"CLIENTE",'Serv. no Conf. - Horas Muertas'!$F$18:$F$66) -> 0.14791667 | P10: Empresa Practicaje / Empresa Remolcaje | R10: =SUMIF('Serv. no Conf. - Horas Muertas'!$O$72:$O$225,P10,'Serv. no Conf. - Horas Muertas'!$F$72:$F$225) -> 0 | T10: =IF($L$46="","",$L$46) -> BODEGA N°5 | U10: =IF($L$47="","",$L$47) -> EMBARQUE - LOTE 25108 | V10: =$L$103 -> 2200.218 | W10: =$M$103 -> 0 | IG10: Apertura de estación de prácticos | IJ10: ISABEL PORTUGAL | IL10: OPERADOR MAGNUM | IM10: MAGNUM / VOLQUETE | IO10: PERSONAL A LA ORDEN | IR10: SOUTH SHIPPING | IY10: ARAGON VALDEZ YHOCINIO MANUEL | IZ10: OPERADOR | JB10: ZEGARRA MEDINA, REMIGIO | JC10: GAVIERO
B11: Hora de Inicio de Carga | C11: 45938.951 | F11: Pto. Destino | H11: BAHIA | L11: Refrigerio | N11: =SUMIF('Serv. no Conf. - Horas Muertas'!$N$18:$N$66,"REFRIGERIO",'Serv. no Conf. - Horas Muertas'!$F$18:$F$66) -> 0 | P11: Empresa Remolcaje | R11: =SUMIF('Serv. no Conf. - Horas Muertas'!$O$72:$O$225,P11,'Serv. no Conf. - Horas Muertas'!$F$72:$F$225) -> 0 | T11: =IF($N$46="","",$N$46) | U11: =IF($N$47="","",$N$47) | V11: =$N$103 -> 0 | W11: =$O$103 -> 0 | IG11: Muelle disponible | IJ11: ELIZABETH CANAZA | IL11: OPERADOR BOBCAT | IM11: BOBCAT | IO11: MOVILIZACION DE CONT. VIA MUELLE | IR11: OCEANO | IY11: ARCE MAMANI ERLY RICHARD | IZ11: OPERADOR | JB11: ZEGARRA GRANDA, AYMAR | JC11: GAVIERO
B12: Hora de Termino de Carga | C12: 45940.146 | F12: Muelle | H12: F | L12: Fuerza Mayor | N12: =SUMIF('Serv. no Conf. - Horas Muertas'!$N$18:$N$66,"FUERZA MAYOR",'Serv. no Conf. - Horas Muertas'!$F$18:$F$66) -> 0 | P12: Fuerza mayor | R12: =SUMIF('Serv. no Conf. - Horas Muertas'!$O$72:$O$225,P12,'Serv. no Conf. - Horas Muertas'!$F$72:$F$225) -> 0 | T12: =IF($P$46="","",$P$46) | U12: =IF($P$47="","",$P$47) | V12: =$P$103 -> 0 | W12: =$Q$103 -> 0 | IG12: Secuencia de maniobras | IL12: OPERADOR FAJA F | IM12: FAJA TRANSPORTADORA MUELLE F | IO12: MOVILIZACION DE CONT. MUELLE / ZONA | IR12: CITIKOLD | IY12: AROCUTIPA MAMANI OSCAR | IZ12: OPERADOR | JB12: FLORES STEVENS | JC12: GAVIERO
B13: Desatraque | C13: 45940.225 | F13: Hrs. Efectivas | H13: 0.875 | K13: =+H13*24 -> 21 | L13: Atraque | N13: =SUMIF('Serv. no Conf. - Horas Muertas'!$N$18:$N$66,"ATRAQUE",'Serv. no Conf. - Horas Muertas'!$F$18:$F$66) -> 0.040972222 | P13: Inspectora | R13: =SUMIF('Serv. no Conf. - Horas Muertas'!$O$72:$O$225,P13,'Serv. no Conf. - Horas Muertas'!$F$72:$F$225) -> 0 | T13: =IF($R$46="","",$R$46) | U13: =IF($R$47="","",$R$47) | V13: =$R$103 -> 0 | W13: =$AA$103 -> 0 | IG13: Otros | IL13: OPERADOR FAJA C | IM13: FAJA TRANSPORTADORA MUELLE C | IO13: ALQUILER DE TRUCK MOVIL | IR13: SERPAC | IY13: BALLON JHOSELIN | IZ13: TARJADOR | JC13: GAVIERO
B14: Ag. Marítimo | C14: TRANSTOTAL | F14: Hrs. Amarradero | H14: =IF(C13="",0,C13-C10) -> 1.4951389 | K14: =+H14*24 -> 35.883333 | L14: Desatraque | N14: =SUMIF('Serv. no Conf. - Horas Muertas'!$N$18:$N$66,"DESATRAQUE",'Serv. no Conf. - Horas Muertas'!$F$18:$F$66) -> 0.0083333333 | P14: Tisur | R14: =SUMIF('Serv. no Conf. - Horas Muertas'!$O$72:$O$225,P14,'Serv. no Conf. - Horas Muertas'!$F$72:$F$225) -> 0 | T14: =IF($AB$46="","",$AB$46) | U14: =IF($AB$47="","",$AB$47) | V14: =$AB$103 -> 0 | W14: =$AC$103 -> 0 | IL14: OPERADOR BARREDORA | IM14: BARREDORA | IO14: AQLUILER DE BALANZA | IR14: FAPOSAC | IY14: BALLON RIVERA JOE BRYAN | IZ14: TARJADOR | JC14: GAVIERO
B15: Ag. Estiba | C15: TRAMARSA | F15: Rend. Tn/Hrs. Amarradero | H15: =IF(D43=0," ",D43/(H14*24)) -> 1226.3365 | N15: =SUM(N7:N14) -> 0.62013889 | T15: =IF($AD$46="","",$AD$46) | U15: =IF($AD$47="","",$AD$47) | V15: =$AD$103 -> 0 | W15: =$AE$103 -> 0 | IL15: OPERADOR DE GRUA GOTTWALD | IM15: GRUA GOTTWALD | IO15: MOVILIZACION DE TUBERIAS Y MANGAS | IR15: AGENCIA MARITIMA B&M SAC | IY15: BALLON DENIS | IZ15: OPERADOR
F16: Rend. Un/Hrs. Amarradero | H16: =IF(E43=0," ",E43/(H14*24)) | R16: =SUM(R7:R14) -> 0 | IL16: OPERADOR DE GRUA LIEBHERR | IM16: GRUA LIEBHERR | IO16: INGRESO SUMINISTRO AGUA | IR16: TRANSMERIDAN | IY16: CACERES QUEA, JOSE | IZ16: OP. FAJA
B17: Atraque Planificado en JJOO | C17: 45938.708 | F17: Hrs. Operacion | H17: =IF(C13="",0,C12-C11) -> 1.1944444 | K17: =+H17*24 -> 28.666667 | L17: =K13+'Serv. no Conf. - Horas Muertas'!G67 -> 28.666667 | M17: =+N15+H13 -> 1.4951389 | IL17: OPERADOR PORTACONTENEDOR LLENOS | IM17: PORTACONTENEDORES LLENOS | IO17: TORRE VIGAN | IR17: CALL SHIPPING | IY17: CANAZA PROVINCIA, ELIZABETH | IZ17: OP. FAJA
B18: Inicio de op. Planificado en JJOO | C18: 45938.833 | AA18: =IF($AD$47="","",$AD$47) | IL18: OPERADOR PORTACONTENEDOR VACIOS | IM18: PORTACONTENEDORES VACIOS | IO18: TORRE BHULER | IR18: J&R SERVICIOS | IY18: CARI MAMANI VICTOR MANUEL | IZ18: OPERADOR
B19: Termino de op. Planificado en JJOO | C19: 45940.083 | IL19: OPERADOR TRUCK MOVIL | IM19: TRUCK MOVIL | IO19: DESECHOS ORGANICOS | IR19: COSMOS | IY19: CAVIDES CHAVEZ ALBY FRENZY | IZ19: OP. FAJA
B20: Desatraque Planificado en JJOO | C20: 45940.097 | IL20: OPERADOR MANLIFT | IM20: MANLIFT | IO20: PERSONAL A LA ORDEN | IR20: TPP | IY20: CHALCO PUMA ALEXANDER | IZ20: OPERADOR
B21: Motivo de espera en Bahía | C21: Alistamiento de carga
IL22: BOTONERO TORRE VIGAN | IM22: TORRE VIGAN | IO22: OCUPACION DE ESPACIO | IR22: TRASMERIDIAN | IY22: CHAMBI DIAZ PABLO MARTIN | IZ22: OPERADOR
B23: NRO IMO | C23: 9561942 | IL23: SUPERVISOR DE MUELLE | IR23: IAN TAYLOR | IY23: CHECA MILAGROS | IZ23: TARJADOR
B24: Nombre de Línea Naviera | C24: SIN LINEA NAVIERA | IL24: TARJADOR | IY24: CHOQUECONZA OROCHE DAVID | IZ24: OP. FAJA
B25: Tipo de Tráfico (LINNER / TRAMP) | C25: TRAMP | IL25: RIGGER GOTTWALD | IM25: GRUA GOTTWALD | IY25: CHOQUEHUANCA VILCA, RAQUEL | IZ25: OP. FAJA
IL26: RIGGER LIEBHERR | IM26: GRUA LIEBHERR | IY26: COARICONA MENDOZA JOSE LUIS | IZ26: OPERADOR
B27: Libre Plática (Según APN) | C27: 45929.865 | IL27: GAVIERO | IY27: CONDORI JHON | IZ27: OPERADOR
IL28: OPERADOR DE GRUA TEREX | IY28: CUENTAS LARENAS JONATHAN ELVIS JUAN | IZ28: OPERADOR
B29: Inicio de Operación (Estibadores a bordo de nave) | C29: 45909.781 | IL29: OPERADOR DE BARREDORA | IM29: BARREDORA | IY29: CUEVAS CUTIMBO MAYERLI IDALIA | IZ29: TARJADOR
B30: Término de Operación (Retiro de estibadores de nave) | C30: 45940.188 | IY30: ELIZALDE MELGAR MARIO FAUSTINO | IZ30: OPERADOR
B31: Hora Práctico desembarca nave después del atraque | C31: 45908.776
B32: Hora Autorización Inicio Operaciones APN | C32: 45909.865
B33: Hora Autorización Zarpe APN | C33: 45909.872
IY35: ESCOBEDO FELIX | IZ35: TARJADOR
B36: REGIMEN | C36: OPERACIÓN | D36: PESO | E36: CANTIDAD | F36: PRODUCTO | I36: CLIENTE (S) | IY36: FERNANDEZ VARGAS JAVIER ALEJANDRO | IZ36: OPERADOR
B37: EXPORTACION | C37: EMBARQUE INDIRECTO | D37: 44005.04 | F37: CONCENTRADO DE COBRE | I37: LAS BAMBAS | IY37: FLORES TINTAYA LUIS VICTOR | IZ37: OPERADOR
IY38: HUERTA FEBRES JORGE | IZ38: SUP. MUELLE
IT39: Bodegas Tipo Cajon | IU39: B 1 | IY39: LIMA APAZA JUAN MIGUEL | IZ39: OPERADOR
IT40: Bodegas con Wines | IU40: B 2 | IY40: LUQUE JESUS | IZ40: TARJADOR
IU41: B 3 | IY41: LUQUE HERRERA ALYSSON BRIGITE | IZ41: TARJADOR
IO42: Botoneros | IU42: B 4 | IY42: MARROQUIN LLERENA OSCAR | IZ42: SUP. MUELLE
B43: TOTALES | D43: =SUM(D37:D42) -> 44005.04 | E43: =SUM(E37:E41) -> 0 | F43: =IF(D43=AF63,"Ok","Diferencia de pesos") -> Ok | H43: =IF(E43=AG63,"Ok","Diferencia de cantidades") -> Ok | I43: Peso Draft | IU43: B 5 | IY43: MARTINEZ SOLIS NORMA ELENA | IZ43: TARJADOR
K44: CV32- NEB 1054 | IU44: B 6 | IY44: MASIAS AGUILAR PEDRO | IZ44: OP. FAJA
B45: Fecha | C45: Jornada | D45: TONELAJE POR BODEGA | IU45: B 7 | IY45: MAYHUIRE FLORES FERNANDO ALBERTO | IZ45: OPERADOR
D46: BODEGA N°1 | F46: BODEGA N°2 | H46: BODEGA N°3 | J46: BODEGA N°4 | L46: BODEGA N°5 | AF46: Totales | IU46: B 8 | IY46: MEDINA REVILLA, FELIX | IZ46: OP. FAJA
D47: EMBARQUE - LOTE 25105 | F47: EMBARQUE - LOTE 25106 | H47: EMBARQUE | J47: EMBARQUE - LOTE 25107 | L47: EMBARQUE - LOTE 25108 | IU47: B 9 | IY47: MENDOZA QUISPE HERNAN YUBER | IZ47: OPERADOR
D48: Peso | E48: Cantidad | F48: Peso | G48: Cantidad | H48: Peso | I48: Cantidad | J48: Peso | K48: Cantidad | L48: Peso | M48: Cantidad | N48: Peso | O48: Cantidad | P48: Peso | Q48: Cantidad | R48: Peso | S48: Cantidad | T48: Peso | U48: Cantidad | V48: Peso | W48: Cantidad | X48: Peso | Y48: Cantidad | Z48: Peso | AA48: Cantidad | AB48: Peso | AC48: Cantidad | AD48: Peso | AE48: Cantidad | AF48: Peso | AG48: Cantidad | IU48: B 10 | IY48: MEZA ROQUE ZAIDA | IZ48: TARJADOR
B49: 45938 | C49: NOCHE | J49: 9000.04 | AF49: =SUM(D49,F49,H49,J49,L49,N49,P49,R49,AB49,AD49,Z49,X49,V49,T49) -> 9000.04 | AG49: =SUM(E49,G49,I49,K49,M49,O49,Q49,AA49,AC49,AE49,Y49,W49,U49,S49) -> 0 | IY49: MOLINA CANAZA CLAUDIA ELIZABETH | IZ49: TARJADOR
B50: 45939 | C50: DIA | F50: 11001.04 | AF50: =SUM(D50,F50,H50,J50,L50,N50,P50,R50,AB50,AD50,Z50,X50,V50,T50) -> 11001.04 | AG50: =SUM(E50,G50,I50,K50,M50,O50,Q50,AA50,AC50,AE50,Y50,W50,U50,S50) -> 0 | IO50: Operadores | IY50: MUÑAICO QUISPE ELIZABETH MILAGROS | IZ50: TARJADOR
B51: 45939 | C51: DIA | J51: 2000.5 | AF51: =SUM(D51,F51,H51,J51,L51,N51,P51,R51,AB51,AD51,Z51,X51,V51,T51) -> 2000.5 | AG51: =SUM(E51,G51,I51,K51,M51,O51,Q51,AA51,AC51,AE51,Y51,W51,U51,S51) -> 0 | IO51: Botoneros | IT51: Personal | IY51: MURILLO QUISPE FRANCIS UBALDO | IZ51: OPERADOR
B52: 45939 | C52: DIA | L52: 4501.96 | AF52: =SUM(D52,F52,H52,J52,L52,N52,P52,R52,AB52,AD52,Z52,X52,V52,T52) -> 4501.96 | AG52: =SUM(E52,G52,I52,K52,M52,O52,Q52,AA52,AC52,AE52,Y52,W52,U52,S52) -> 0 | IO52: Torres Absorventes | IT52: Operadores | IY52: PARI PARRA MALU GRISEL | IZ52: TARJADOR
B53: 45939 | C53: NOCHE | D53: 7200.76 | AF53: =SUM(D53,F53,H53,J53,L53,N53,P53,R53,AB53,AD53,Z53,X53,V53,T53) -> 7200.76 | AG53: =SUM(E53,G53,I53,K53,M53,O53,Q53,AA53,AC53,AE53,Y53,W53,U53,S53) -> 0 | IO53: Gottwald | IY53: PASTOR TORRES,JESUS | IZ53: SUP. MUELLE
B54: 45939 | C54: NOCHE | L54: 6499.13 | AF54: =SUM(D54,F54,H54,J54,L54,N54,P54,R54,AB54,AD54,Z54,X54,V54,T54) -> 6499.13 | AG54: =SUM(E54,G54,I54,K54,M54,O54,Q54,AA54,AC54,AE54,Y54,W54,U54,S54) -> 0 | IO54: Liebher | IY54: PERALTA MAMANI JOSE CARLOS | IZ54: OPERADOR
B55: 45939 | C55: NOCHE | D55: 3801.61 | AF55: =SUM(D55,F55,H55,J55,L55,N55,P55,R55,AB55,AD55,Z55,X55,V55,T55) -> 3801.61 | AG55: =SUM(E55,G55,I55,K55,M55,O55,Q55,AA55,AC55,AE55,Y55,W55,U55,S55) -> 0 | IO55: Faja Minerales | IY55: POLO RAMOS ALVARO EDDY | IZ55: OPERADOR
AF56: =SUM(D56,F56,H56,J56,L56,N56,P56,R56,AB56,AD56,Z56,X56,V56,T56) -> 0 | AG56: =SUM(E56,G56,I56,K56,M56,O56,Q56,AA56,AC56,AE56,Y56,W56,U56,S56) -> 0 | IO56: Balanceras | IY56: PORTUGAL BEJAR, ISABEL | IZ56: OP. FAJA
AF57: =SUM(D57,F57,H57,J57,L57,N57,P57,R57,AB57,AD57,Z57,X57,V57,T57) -> 0 | AG57: =SUM(E57,G57,I57,K57,M57,O57,Q57,AA57,AC57,AE57,Y57,W57,U57,S57) -> 0 | IO57: Portalonero | IY57: PRADO ALBITRES JOSE | IZ57: OPERADOR
AF58: =SUM(D58,F58,H58,J58,L58,N58,P58,R58,AB58,AD58,Z58,X58,V58,T58) -> 0 | AG58: =SUM(E58,G58,I58,K58,M58,O58,Q58,AA58,AC58,AE58,Y58,W58,U58,S58) -> 0 | IO58: Canchadores (Cuadrillas) | IY58: QUISPE PÉREZ, FLOR | IZ58: TARJADOR
AF59: =SUM(D59,F59,H59,J59,L59,N59,P59,R59,AB59,AD59,Z59,X59,V59,T59) -> 0 | AG59: =SUM(E59,G59,I59,K59,M59,O59,Q59,AA59,AC59,AE59,Y59,W59,U59,S59) -> 0 | IO59: Tarjadoras | IY59: QUISPE PILAR CARMEN | IZ59: TARJADOR
AF60: =SUM(D60,F60,H60,J60,L60,N60,P60,R60,AB60,AD60,Z60,X60,V60,T60) -> 0 | AG60: =SUM(E60,G60,I60,K60,M60,O60,Q60,AA60,AC60,AE60,Y60,W60,U60,S60) -> 0 | IY60: QUISPE VALENZUELA CARLOS JHONATAN | IZ60: OPERADOR
AF61: =SUM(D61,F61,H61,J61,L61,N61,P61,R61,AB61,AD61,Z61,X61,V61,T61) -> 0 | AG61: =SUM(E61,G61,I61,K61,M61,O61,Q61,AA61,AC61,AE61,Y61,W61,U61,S61) -> 0 | IY61: RECABARREN RIEGA ELVIS MANUEL | IZ61: OPERADOR
IY62: REGENTE CORNEJO PIERO | IZ62: OPERADOR
B63: TOTALES | D63: =SUM(D49:D61) -> 11002.37 | E63: =SUM(E49:E61) -> 0 | F63: =SUM(F49:F61) -> 11001.04 | G63: =SUM(G49:G61) -> 0 | H63: =SUM(H49:H61) -> 0 | I63: =SUM(I49:I61) -> 0 | J63: =SUM(J49:J61) -> 11000.54 | K63: =SUM(K49:K61) -> 0 | ... AG63: =SUM(AG49:AG61) -> 0 | IY63: RIVERA TEJADA GUSTAVO ADOLFO | IZ63: OPERADOR
IY64: RIVERA | IZ64: OPERADOR
D65: HORAS EFECTIVAS POR BODEGA | IY65: RIVERA TEJADA, MIGUEL FABRICIO | IZ65: SUP. MUELLE
D66: =IF($D$46="","",$D$46) -> BODEGA N°1 | F66: =IF($F$46="","",$F$46) -> BODEGA N°2 | H66: =IF($H$46="","",$H$46) -> BODEGA N°3 | J66: =IF($J$46="","",$J$46) -> BODEGA N°4 | L66: =IF($L$46="","",$L$46) -> BODEGA N°5 | N66: =IF($N$46="","",$N$46) | P66: =IF($P$46="","",$P$46) | R66: =IF($R$46="","",$R$46) | T66: =IF($T$46="","",$T$46) | V66: =IF($V$46="","",$V$46) | X66: =IF($X$46="","",$X$46) | Z66: =IF($Z$46="","",$Z$46) | AB66: =IF($AB$46="","",$AB$46) | AD66: =IF($AD$46="","",$AD$46) | IY66: SABOYA TAFUR LLERLIN | IZ66: OPERADOR
D67: =IF($D$47="","",$D$47) -> EMBARQUE - LOTE 25105 | F67: =IF($F$47="","",$F$47) -> EMBARQUE - LOTE 25106 | H67: =IF($H$47="","",$H$47) -> EMBARQUE | J67: =IF($J$47="","",$J$47) -> EMBARQUE - LOTE 25107 | L67: =IF($L$47="","",$L$47) -> EMBARQUE - LOTE 25108 | N67: =IF($N$47="","",$N$47) | P67: =IF($P$47="","",$P$47) | R67: =IF($R$47="","",$R$47) | T67: =IF($T$47="","",$T$47) | V67: =IF($V$47="","",$V$47) | X67: =IF($X$47="","",$X$47) | Z67: =IF($Z$47="","",$Z$47) | AB67: =IF($AB$47="","",$AB$47) | AD67: =IF($AD$47="","",$AD$47) | AF67: Totales | IY67: SAMAYANI GUTIERREZ FRIDA VERENISSE | IZ67: TARJADOR
D68: Peso | E68: Cantidad | F68: Peso | G68: Cantidad | H68: Peso | I68: Cantidad | J68: Peso | K68: Cantidad | L68: Peso | M68: Cantidad | N68: Peso | O68: Cantidad | P68: Peso | Q68: Cantidad | R68: Peso | S68: Cantidad | T68: Peso | U68: Cantidad | V68: Peso | W68: Cantidad | X68: Peso | Y68: Cantidad | Z68: Peso | AA68: Cantidad | AB68: Peso | AC68: Cantidad | AD68: Peso | AE68: Cantidad | AF68: Peso | AG68: Cantidad | IY68: SANTANA ESCATE PATRICIA | IZ68: TARJADOR
J69: 4.42 | AF69: =SUM(D69,F69,H69,J69,L69,N69,P69,R69,AB69,AD69,Z69,X69,V69,T69) -> 4.42 | AG69: =SUM(E69,G69,I69,K69,M69,O69,Q69,AA69,AC69,AE69,Y69,W69,U69,S69) -> 0 | IY69: SIVINCHA ESCARCENA JUAN EDUARDO | IZ69: OPERADOR
F70: 5.42 | AF70: =SUM(D70,F70,H70,J70,L70,N70,P70,R70,AB70,AD70,Z70,X70,V70,T70) -> 5.42 | AG70: =SUM(E70,G70,I70,K70,M70,O70,Q70,AA70,AC70,AE70,Y70,W70,U70,S70) -> 0 | IY70: SOTO BASURCO GILMAR JAVIER | IZ70: OPERADOR
J71: 0.92 | AF71: =SUM(D71,F71,H71,J71,L71,N71,P71,R71,AB71,AD71,Z71,X71,V71,T71) -> 0.92 | AG71: =SUM(E71,G71,I71,K71,M71,O71,Q71,AA71,AC71,AE71,Y71,W71,U71,S71) -> 0 | IY71: TALAVERA ALBARRACIN ELMA TERESA | IZ71: TARJADOR
L72: 2.08 | AF72: =SUM(D72,F72,H72,J72,L72,N72,P72,R72,AB72,AD72,Z72,X72,V72,T72) -> 2.08 | AG72: =SUM(E72,G72,I72,K72,M72,O72,Q72,AA72,AC72,AE72,Y72,W72,U72,S72) -> 0 | IY72: TICONA PERALTA EDER RAUL MARTIN | IZ72: OPERADOR
D73: 3.42 | AF73: =SUM(D73,F73,H73,J73,L73,N73,P73,R73,AB73,AD73,Z73,X73,V73,T73) -> 3.42 | AG73: =SUM(E73,G73,I73,K73,M73,O73,Q73,AA73,AC73,AE73,Y73,W73,U73,S73) -> 0 | IY73: VALDIVIA LARENAS SILVIA LORENA | IZ73: TARJADOR
L74: 2.92 | AF74: =SUM(D74,F74,H74,J74,L74,N74,P74,R74,AB74,AD74,Z74,X74,V74,T74) -> 2.92 | AG74: =SUM(E74,G74,I74,K74,M74,O74,Q74,AA74,AC74,AE74,Y74,W74,U74,S74) -> 0 | IY74: VALDIVIA VERA KELANY MELISSA | IZ74: OPERADOR
D75: 1.83 | AF75: =SUM(D75,F75,H75,J75,L75,N75,P75,R75,AB75,AD75,Z75,X75,V75,T75) -> 1.83 | AG75: =SUM(E75,G75,I75,K75,M75,O75,Q75,AA75,AC75,AE75,Y75,W75,U75,S75) -> 0 | IY75: VALENCIA MIGUEL | IZ75: TARJADOR
AF76: =SUM(D76,F76,H76,J76,L76,N76,P76,R76,AB76,AD76,Z76,X76,V76,T76) -> 0 | AG76: =SUM(E76,G76,I76,K76,M76,O76,Q76,AA76,AC76,AE76,Y76,W76,U76,S76) -> 0 | IY76: VALENZUELA BEJARANO YEREMY RENE | IZ76: OPERADOR
AF77: =SUM(D77,F77,H77,J77,L77,N77,P77,R77,AB77,AD77,Z77,X77,V77,T77) -> 0 | AG77: =SUM(E77,G77,I77,K77,M77,O77,Q77,AA77,AC77,AE77,Y77,W77,U77,S77) -> 0 | IY77: VALENZUELA PINTO RENE JUAN | IZ77: OPERADOR
AF78: =SUM(D78,F78,H78,J78,L78,N78,P78,R78,AB78,AD78,Z78,X78,V78,T78) -> 0 | AG78: =SUM(E78,G78,I78,K78,M78,O78,Q78,AA78,AC78,AE78,Y78,W78,U78,S78) -> 0 | IY78: VALERIANO ARELA MELEYDA KATERIN | IZ78: TARJADOR
AF79: =SUM(D79,F79,H79,J79,L79,N79,P79,R79,AB79,AD79,Z79,X79,V79,T79) -> 0 | AG79: =SUM(E79,G79,I79,K79,M79,O79,Q79,AA79,AC79,AE79,Y79,W79,U79,S79) -> 0 | IY79: VARGAS SEVINCHA JHONY LUIS | IZ79: OPERADOR
AF80: =SUM(D80,F80,H80,J80,L80,N80,P80,R80,AB80,AD80,Z80,X80,V80,T80) -> 0 | AG80: =SUM(E80,G80,I80,K80,M80,O80,Q80,AA80,AC80,AE80,Y80,W80,U80,S80) -> 0 | IY80: VARGAS SEVINCHA MARISOL | IZ80: TARJADOR
AF81: =SUM(D81,F81,H81,J81,L81,N81,P81,R81,AB81,AD81,Z81,X81,V81,T81) -> 0 | AG81: =SUM(E81,G81,I81,K81,M81,O81,Q81,AA81,AC81,AE81,Y81,W81,U81,S81) -> 0 | IY81: VASQUEZ MELGAR JUAN ORLANDO | IZ81: OPERADOR
IY82: VEGA CARRASCO JUAN | IZ82: OPERADOR
D83: =SUM(D69:D81) -> 5.25 | E83: =SUM(E69:E81) -> 0 | F83: =SUM(F69:F81) -> 5.42 | G83: =SUM(G69:G81) -> 0 | H83: =SUM(H69:H81) -> 0 | I83: =SUM(I69:I81) -> 0 | J83: =SUM(J69:J81) -> 5.34 | K83: =SUM(K69:K81) -> 0 | ... AG83: =SUM(AG69:AG81) -> 0 | IY83: VELASQUEZ PANCA VILMA FORTUNATA | IZ83: TARJADOR
IY84: VERA VILLAVIENCIO KRISTEL JAHAYRA | IZ84: TARJADOR
D85: RENDIMIENTO EFECTIVO POR BODEGA | IY85: VERA VILLAVIENCIO KRISTEL JAHAYRA | IZ85: TARJADOR
D86: =IF($D$46="","",$D$46) -> BODEGA N°1 | F86: =IF($F$46="","",$F$46) -> BODEGA N°2 | H86: =IF($H$46="","",$H$46) -> BODEGA N°3 | J86: =IF($J$46="","",$J$46) -> BODEGA N°4 | L86: =IF($L$46="","",$L$46) -> BODEGA N°5 | N86: =IF($N$46="","",$N$46) | P86: =IF($P$46="","",$P$46) | R86: =IF($R$46="","",$R$46) | T86: =IF($T$46="","",$T$46) | V86: =IF($V$46="","",$V$46) | X86: =IF($X$46="","",$X$46) | Z86: =IF($Z$46="","",$Z$46) | AB86: =IF($AB$46="","",$AB$46) | AD86: =IF($AD$46="","",$AD$46) | AF86: Totales | IY86: YANA ARBILDO OSCAR | IZ86: OPERADOR
D87: =IF($D$47="","",$D$47) -> EMBARQUE - LOTE 25105 | F87: =IF($F$47="","",$F$47) -> EMBARQUE - LOTE 25106 | H87: =IF($H$47="","",$H$47) -> EMBARQUE | J87: =IF($J$47="","",$J$47) -> EMBARQUE - LOTE 25107 | L87: =IF($L$47="","",$L$47) -> EMBARQUE - LOTE 25108 | N87: =IF($N$47="","",$N$47) | P87: =IF($P$47="","",$P$47) | R87: =IF($R$47="","",$R$47) | T87: =IF($T$47="","",$T$47) | V87: =IF($V$47="","",$V$47) | X87: =IF($X$47="","",$X$47) | Z87: =IF($Z$47="","",$Z$47) | AB87: =IF($AB$47="","",$AB$47) | AD87: =IF($AD$47="","",$AD$47) | IY87: YDME QUISPE IRMA FRIDA | IZ87: TARJADOR
D88: Peso | E88: Cantidad | F88: Peso | G88: Cantidad | H88: Peso | I88: Cantidad | J88: Peso | K88: Cantidad | L88: Peso | M88: Cantidad | N88: Peso | O88: Cantidad | P88: Peso | Q88: Cantidad | R88: Peso | S88: Cantidad | T88: Peso | U88: Cantidad | V88: Peso | W88: Cantidad | X88: Peso | Y88: Cantidad | AA88: Cantidad | AB88: Peso | AC88: Cantidad | AD88: Peso | AE88: Cantidad | AF88: Peso | AG88: Cantidad | IY88: ZARATE ERICKSON | IZ88: OPERADOR
D89: =IF(D49="","",D49/D69) | E89: =IF(E49="","",E49/E69) | F89: =IF(F49="","",F49/F69) | G89: =IF(G49="","",G49/G69) | H89: =IF(H49="","",H49/H69) | I89: =IF(I49="","",I49/I69) | J89: =IF(J49="","",J49/J69) -> 2036.2081 | K89: =IF(K49="","",K49/K69) | ... Y89: =IF(Y49="","",Y49/Y69) | AA89: =IF(AA49="","",AA49/AA69) | AB89: =IF(AB49="","",AB49/AB69) | AC89: =IF(AC49="","",AC49/AC69) | AD89: =IF(AD49="","",AD49/AD69) | AE89: =IF(AE49="","",AE49/AE69) | AF89: =IF(AF49=0,0,AF49/AF69) -> 2036.2081 | AG89: =IF(AG49=0,0,AG49/AG69) -> 0 | IY89: ZEVALLOS BALLON OMAR ELMO | IZ89: OPERADOR
D90: =IF(D50="","",D50/D70) | E90: =IF(E50="","",E50/E70) | F90: =IF(F50="","",F50/F70) -> 2029.7122 | G90: =IF(G50="","",G50/G70) | H90: =IF(H50="","",H50/H70) | I90: =IF(I50="","",I50/I70) | J90: =IF(J50="","",J50/J70) | K90: =IF(K50="","",K50/K70) | ... Y90: =IF(Y50="","",Y50/Y70) | AA90: =IF(AA50="","",AA50/AA70) | AB90: =IF(AB50="","",AB50/AB70) | AC90: =IF(AC50="","",AC50/AC70) | AD90: =IF(AD50="","",AD50/AD70) | AE90: =IF(AE50="","",AE50/AE70) | AF90: =IF(AF50=0,0,AF50/AF70) -> 2029.7122 | AG90: =IF(AG50=0,0,AG50/AG70) -> 0 | IY90: ZEVALLOS TICONA JULLISA | IZ90: TARJADOR
D91: =IF(D51="","",D51/D71) | E91: =IF(E51="","",E51/E71) | F91: =IF(F51="","",F51/F71) | G91: =IF(G51="","",G51/G71) | H91: =IF(H51="","",H51/H71) | I91: =IF(I51="","",I51/I71) | J91: =IF(J51="","",J51/J71) -> 2174.4565 | K91: =IF(K51="","",K51/K71) | ... Y91: =IF(Y51="","",Y51/Y71) | AA91: =IF(AA51="","",AA51/AA71) | AB91: =IF(AB51="","",AB51/AB71) | AC91: =IF(AC51="","",AC51/AC71) | AD91: =IF(AD51="","",AD51/AD71) | AE91: =IF(AE51="","",AE51/AE71) | AF91: =IF(AF51=0,0,AF51/AF71) -> 2174.4565 | AG91: =IF(AG51=0,0,AG51/AG71) -> 0 | IY91: ZORRILLA PINTO DIEGO | IZ91: SUP. MUELLE
D92: =IF(D52="","",D52/D72) | E92: =IF(E52="","",E52/E72) | F92: =IF(F52="","",F52/F72) | G92: =IF(G52="","",G52/G72) | H92: =IF(H52="","",H52/H72) | I92: =IF(I52="","",I52/I72) | J92: =IF(J52="","",J52/J72) | K92: =IF(K52="","",K52/K72) | ... Y92: =IF(Y52="","",Y52/Y72) | AA92: =IF(AA52="","",AA52/AA72) | AB92: =IF(AB52="","",AB52/AB72) | AC92: =IF(AC52="","",AC52/AC72) | AD92: =IF(AD52="","",AD52/AD72) | AE92: =IF(AE52="","",AE52/AE72) | AF92: =IF(AF52=0,0,AF52/AF72) -> 2164.4038 | AG92: =IF(AG52=0,0,AG52/AG72) -> 0 | IY92: ZUÑIGA BASURCO EDUARDO ENRIQUE | IZ92: OPERADOR
D93: =IF(D53="","",D53/D73) -> 2105.4854 | E93: =IF(E53="","",E53/E73) | F93: =IF(F53="","",F53/F73) | G93: =IF(G53="","",G53/G73) | H93: =IF(H53="","",H53/H73) | I93: =IF(I53="","",I53/I73) | J93: =IF(J53="","",J53/J73) | K93: =IF(K53="","",K53/K73) | ... Y93: =IF(Y53="","",Y53/Y73) | AA93: =IF(AA53="","",AA53/AA73) | AB93: =IF(AB53="","",AB53/AB73) | AC93: =IF(AC53="","",AC53/AC73) | AD93: =IF(AD53="","",AD53/AD73) | AE93: =IF(AE53="","",AE53/AE73) | AF93: =IF(AF53=0,0,AF53/AF73) -> 2105.4854 | AG93: =IF(AG53=0,0,AG53/AG73) -> 0 | IY93: ZUÑIGA BASURCO ROY | IZ93: OPERADOR
D94: =IF(D54="","",D54/D74) | E94: =IF(E54="","",E54/E74) | F94: =IF(F54="","",F54/F74) | G94: =IF(G54="","",G54/G74) | H94: =IF(H54="","",H54/H74) | I94: =IF(I54="","",I54/I74) | J94: =IF(J54="","",J54/J74) | K94: =IF(K54="","",K54/K74) | ... Y94: =IF(Y54="","",Y54/Y74) | AA94: =IF(AA54="","",AA54/AA74) | AB94: =IF(AB54="","",AB54/AB74) | AC94: =IF(AC54="","",AC54/AC74) | AD94: =IF(AD54="","",AD54/AD74) | AE94: =IF(AE54="","",AE54/AE74) | AF94: =IF(AF54=0,0,AF54/AF74) -> 2225.7295 | AG94: =IF(AG54=0,0,AG54/AG74) -> 0
D95: =IF(D55="","",D55/D75) -> 2077.3825 | E95: =IF(E55="","",E55/E75) | F95: =IF(F55="","",F55/F75) | G95: =IF(G55="","",G55/G75) | H95: =IF(H55="","",H55/H75) | I95: =IF(I55="","",I55/I75) | J95: =IF(J55="","",J55/J75) | K95: =IF(K55="","",K55/K75) | ... Y95: =IF(Y55="","",Y55/Y75) | AA95: =IF(AA55="","",AA55/AA75) | AB95: =IF(AB55="","",AB55/AB75) | AC95: =IF(AC55="","",AC55/AC75) | AD95: =IF(AD55="","",AD55/AD75) | AE95: =IF(AE55="","",AE55/AE75) | AF95: =IF(AF55=0,0,AF55/AF75) -> 2077.3825 | AG95: =IF(AG55=0,0,AG55/AG75) -> 0
D96: =IF(D56="","",D56/D76) | E96: =IF(E56="","",E56/E76) | F96: =IF(F56="","",F56/F76) | G96: =IF(G56="","",G56/G76) | H96: =IF(H56="","",H56/H76) | I96: =IF(I56="","",I56/I76) | J96: =IF(J56="","",J56/J76) | K96: =IF(K56="","",K56/K76) | ... Y96: =IF(Y56="","",Y56/Y76) | AA96: =IF(AA56="","",AA56/AA76) | AB96: =IF(AB56="","",AB56/AB76) | AC96: =IF(AC56="","",AC56/AC76) | AD96: =IF(AD56="","",AD56/AD76) | AE96: =IF(AE56="","",AE56/AE76) | AF96: =IF(AF56=0,0,AF56/AF76) -> 0 | AG96: =IF(AG56=0,0,AG56/AG76) -> 0
D97: =IF(D57="","",D57/D77) | E97: =IF(E57="","",E57/E77) | F97: =IF(F57="","",F57/F77) | G97: =IF(G57="","",G57/G77) | H97: =IF(H57="","",H57/H77) | I97: =IF(I57="","",I57/I77) | J97: =IF(J57="","",J57/J77) | K97: =IF(K57="","",K57/K77) | ... Y97: =IF(Y57="","",Y57/Y77) | AA97: =IF(AA57="","",AA57/AA77) | AB97: =IF(AB57="","",AB57/AB77) | AC97: =IF(AC57="","",AC57/AC77) | AD97: =IF(AD57="","",AD57/AD77) | AE97: =IF(AE57="","",AE57/AE77) | AF97: =IF(AF57=0,0,AF57/AF77) -> 0 | AG97: =IF(AG57=0,0,AG57/AG77) -> 0
D98: =IF(D58="","",D58/D78) | E98: =IF(E58="","",E58/E78) | F98: =IF(F58="","",F58/F78) | G98: =IF(G58="","",G58/G78) | H98: =IF(H58="","",H58/H78) | I98: =IF(I58="","",I58/I78) | J98: =IF(J58="","",J58/J78) | K98: =IF(K58="","",K58/K78) | ... Y98: =IF(Y58="","",Y58/Y78) | AA98: =IF(AA58="","",AA58/AA78) | AB98: =IF(AB58="","",AB58/AB78) | AC98: =IF(AC58="","",AC58/AC78) | AD98: =IF(AD58="","",AD58/AD78) | AE98: =IF(AE58="","",AE58/AE78) | AF98: =IF(AF58=0,0,AF58/AF78) -> 0 | AG98: =IF(AG58=0,0,AG58/AG78) -> 0
D99: =IF(D59="","",D59/D79) | E99: =IF(E59="","",E59/E79) | F99: =IF(F59="","",F59/F79) | G99: =IF(G59="","",G59/G79) | H99: =IF(H59="","",H59/H79) | I99: =IF(I59="","",I59/I79) | J99: =IF(J59="","",J59/J79) | K99: =IF(K59="","",K59/K79) | ... Y99: =IF(Y59="","",Y59/Y79) | AA99: =IF(AA59="","",AA59/AA79) | AB99: =IF(AB59="","",AB59/AB79) | AC99: =IF(AC59="","",AC59/AC79) | AD99: =IF(AD59="","",AD59/AD79) | AE99: =IF(AE59="","",AE59/AE79) | AF99: =IF(AF59=0,0,AF59/AF79) -> 0 | AG99: =IF(AG59=0,0,AG59/AG79) -> 0
D100: =IF(D60="","",D60/D80) | E100: =IF(E60="","",E60/E80) | F100: =IF(F60="","",F60/F80) | G100: =IF(G60="","",G60/G80) | H100: =IF(H60="","",H60/H80) | I100: =IF(I60="","",I60/I80) | J100: =IF(J60="","",J60/J80) | K100: =IF(K60="","",K60/K80) | ... Y100: =IF(Y60="","",Y60/Y80) | AA100: =IF(AA60="","",AA60/AA80) | AB100: =IF(AB60="","",AB60/AB80) | AC100: =IF(AC60="","",AC60/AC80) | AD100: =IF(AD60="","",AD60/AD80) | AE100: =IF(AE60="","",AE60/AE80) | AF100: =IF(AF60=0,0,AF60/AF80) -> 0 | AG100: =IF(AG60=0,0,AG60/AG80) -> 0
D101: =IF(D61="","",D61/D81) | E101: =IF(E61="","",E61/E81) | F101: =IF(F61="","",F61/F81) | G101: =IF(G61="","",G61/G81) | H101: =IF(H61="","",H61/H81) | I101: =IF(I61="","",I61/I81) | J101: =IF(J61="","",J61/J81) | K101: =IF(K61="","",K61/K81) | ... Y101: =IF(Y61="","",Y61/Y81) | AA101: =IF(AA61="","",AA61/AA81) | AB101: =IF(AB61="","",AB61/AB81) | AC101: =IF(AC61="","",AC61/AC81) | AD101: =IF(AD61="","",AD61/AD81) | AE101: =IF(AE61="","",AE61/AE81) | AF101: =IF(AF61=0,0,AF61/AF81) -> 0 | AG101: =IF(AG61=0,0,AG61/AG81) -> 0
D103: =IF(D63=0,0,D63/D83) -> 2095.6895 | E103: =IF(E63=0,0,E63/E83) -> 0 | F103: =IF(F63=0,0,F63/F83) -> 2029.7122 | G103: =IF(G63=0,0,G63/G83) -> 0 | H103: =IF(H63=0,0,H63/H83) -> 0 | I103: =IF(I63=0,0,I63/I83) -> 0 | J103: =IF(J63=0,0,J63/J83) -> 2060.0262 | K103: =IF(K63=0,0,K63/K83) -> 0 | ... Y103: =IF(Y63=0,0,Y63/Y83) -> 0 | AA103: =IF(AA63=0,0,AA63/AA83) -> 0 | AB103: =IF(AB63=0,0,AB63/AB83) -> 0 | AC103: =IF(AC63=0,0,AC63/AC83) -> 0 | AD103: =IF(AD63=0,0,AD63/AD83) -> 0 | AE103: =IF(AE63=0,0,AE63/AE83) -> 0 | AF103: =IF(AF63=0,0,AF63/AF83) -> 2094.4807 | AG103: =IF(AG63=0,0,AG63/AG83) -> 0
D105: HORAS TOTALES POR BODEGA
...

Sheet Hoja1
A4: Recalada | B4: Nave | C4: Tiempo Efectivo | D4: Tisur | E4: TM Agente Maritimo | F4: TM Agente Estiba | G4: Cliente | H4: Estibadores | I4: Refrigerio | J4: Agencia Aduana | K4: Esperando Desatraque | L4: Falta Camiones | M4: Lluvia | N4: Por Orden Capitan | O4: Esperando Atraque | P4: Total Tiempo Muerto | Q4: Nave-Inicio Operación | R4: Nave-Termino operación | S4: Libre de platica (según APN) | T4: Atraque Planif | U4: Desatraque Planif. | V4: Inicio Planif. | W4: Termino Planif. | X4: Fecha Arribo | Y4: Nro de Imo | Z4: Nombre de Linea naviera | AA4: Tipo de trafico (Linner / Tramp) | AB4: Estibadores a bordo de nave | AC4: Retiro de estibadores de nave
A5: =Informe!D6 -> 10841 | B5: =Informe!D5 -> SKY KNIGHT | C5: =Informe!H13 -> 0.875 | D5: =Informe!N7 -> 0.055555556 | E5: =Informe!N8 -> 0.18680556 | F5: =Informe!N9 -> 0.18055556 | G5: =Informe!N10 -> 0.14791667 | I5: =Informe!N11 -> 0 | K5: =Informe!N14 -> 0.0083333333 | M5: =Informe!N12 -> 0 | O5: =Informe!N13 -> 0.040972222 | P5: =SUM(D5:O5) -> 0.62013889 | Q5: =Informe!C11 -> 45938.951 | R5: =Informe!C12 -> 45940.146 | S5: =Informe!C27 -> 45929.865 | T5: =Informe!C17 -> 45938.708 | U5: =Informe!C20 -> 45940.097 | V5: =Informe!C18 -> 45938.833 | W5: =Informe!C19 -> 45940.083 | X5: =Informe!C9 -> 45933.438 | Y5: =Informe!C23 -> 9561942 | Z5: =Informe!C24 -> SIN LINEA NAVIERA | AA5: =Informe!C25 -> TRAMP | AB5: =Informe!C29 -> 45909.781 | AC5: =Informe!C30 -> 45940.188

Sheet Serv. no Conf. - Horas Muertas
B4: FORSUR-O-0050 | N4: REV-14
B5: SERVICIO NO CONFORME
B6: Motivo | E6: Situación | G6: Causa | K6: Acción Inmediata | IS6: OPERATIVAS | IT6: CLIENTE | IU6: CONFORME
B7: Amarre y Desamarre | E7: CONFORME | IS7: TERCEROS | IT7: ESTIBA | IU7: NO CONFORME
B8: Alquiler de Amarradero | E8: CONFORME | IS8: TISUR | IT8: NAVIERO
B9: Uso de Muelle | E9: CONFORME | IT9: TISUR
B10: Traccion | E10: CONFORME | IT10: REFRIGERIO
B11: Manipuleo | E11: CONFORME | IT11: FUERZA MAYOR
B12: Alquiler de Equipos | E12: CONFORME | IT12: ATRAQUE
IT13: DESATRAQUE
B14: TIEMPOS PRE Y POST OPERACIÓN
B15: Registro de Tiempos de Recepcion y Despacho de la Nave
B16: Jornada | C16: Fecha | D16: Paradas | F16: Total | G16: Detalle | N16: Imputable | O16: Imputable APN
D17: Inicio | E17: Termino
B18: DIA | C18: 45938 | D18: 0.72986111 | E18: 0.77083333 | F18: =IF(D18="","",E18-D18) -> 0.040972222 | G18: ATRAQUE | N18: ATRAQUE
B19: DIA | C19: 45938 | D19: 0.77083333 | E19: 0.78125 | F19: =IF(D19="","",E19-D19) -> 0.010416667 | G19: AUTORIDADES ABORDO | N19: NAVIERO
B20: DIA | C20: 45938 | D20: 0.78125 | E20: 0.78819444 | F20: =IF(D20="","",E20-D20) -> 0.0069444444 | G20: CONFERENCIA | N20: NAVIERO
B21: DIA | C21: 45938 | D21: 0.78819444 | E21: 0.85416667 | F21: =IF(D21="","",E21-D21) -> 0.065972222 | G21: APERTURA E INSPECCION DE BODEGAS ( RETIRO DE CILINDROS EN BODEGA N° 4 ) | N21: CLIENTE
B22: NOCHE | C22: 45938 | D22: 0.85416667 | E22: 0.9375 | F22: =IF(D22="","",E22-D22) -> 0.083333333 | G22: MANIOBRA DE SEPARACION DE NAVE AL MUELLE PARA POSICIONAR SHIPLOADER | N22: NAVIERO
B23: NOCHE | C23: 45938 | D23: 0.9375 | E23: 0.95138889 | F23: =IF(D23="","",E23-D23) -> 0.013888889 | G23: PRUEBA DE ENCLAVAMIENTO Y ESPERA DE CARGA | N23: TISUR
F24: =IF(D24="","",E24-D24)
F25: =IF(D25="","",E25-D25)
F26: =IF(D26="","",E26-D26)
B27: NOCHE | C27: 45939 | D27: 0.14583333 | E27: 0.15277778 | F27: =IF(D27="","",E27-D27) -> 0.0069444444 | G27: CORRIDA DE FAJAS EN VACIO / LIMPIEZA DE CHUTES | N27: TISUR
B28: NOCHE | C28: 45939 | D28: 0.15277778 | E28: 0.20416667 | F28: =IF(D28="","",E28-D28) -> 0.051388889 | G28: A LA ESPERA DE PRACTICO | N28: NAVIERO
B29: NOCHE | C29: 45939 | D29: 0.20416667 | E29: 0.21666667 | F29: =IF(D29="","",E29-D29) -> 0.0125 | G29: DESPACHO DE NAVE | N29: CLIENTE
B30: NOCHE | C30: 45939 | D30: 0.21666667 | E30: 0.225 | F30: =IF(D30="","",E30-D30) -> 0.0083333333 | G30: DESATRAQUE | N30: DESATRAQUE
F31: =IF(D31="","",E31-D31)
F32: =IF(D32="","",E32-D32)
F33: =IF(D33="","",E33-D33)
F34: =IF(D34="","",E34-D34)
D35: TIEMPO MUERTO | F35: =SUM(F18:F34) -> 0.30069444
B37: REGISTRO DE PARADAS DE TODAS LAS BODEGAS
B38: Jornada | C38: Fecha | D38: Paradas | F38: Total | G38: Detalle | N38: Imputable | O38: Imputable APN
D39: Inicio | E39: Termino
B40: NOCHE | C40: 45938 | D40: 0.97222222 | E40: 0.97916667 | F40: =+E40-D40 -> 0.0069444444 | G40: DETECTOR DE METALES FAJA # 18 | N40: CLIENTE
B41: NOCHE | C41: 45938 | D41: 0.99305556 | E41: 1 | F41: =+E41-D41 -> 0.0069444444 | G41: DETECTOR DE METALES FAJA # 18 | N41: CLIENTE
B42: NOCHE | C42: 45938 | D42: 0.14930556 | E42: 0.16666667 | F42: =+E42-D42 -> 0.017361111 | G42: CAMBIO DE BODEGA DE LA 4 A LA 2 | N42: ESTIBA
B43: NOCHE | C43: 45938 | D43: 0.16666667 | E43: 0.20138889 | F43: =+E43-D43 -> 0.034722222 | G43: AJUSTE DE CABOS | N43: NAVIERO
B44: NOCHE | C44: 45938 | D44: 0.20138889 | E44: 0.20486111 | F44: =+E44-D44 -> 0.0034722222 | G44: EN ESPERA DE CARGA Y REINICIO DE EMBARQUE | N44: TISUR
B45: NOCHE | C45: 45938 | D45: 0.23958333 | E45: 0.25 | F45: =+E45-D45 -> 0.010416667 | G45: FALLA DE COMUNICACIÓN EN EL MANDO DEL SHIPLOADER | N45: TISUR
B46: NOCHE | C46: 45938 | D46: 0.25 | E46: 0.25694444 | F46: =+E46-D46 -> 0.0069444444 | G46: FALLA DE COMUNICACIÓN EN EL MANDO DEL SHIPLOADER | N46: TISUR
B47: DIA | C47: 45939 | D47: 0.38888889 | E47: 0.39930556 | F47: =+E47-D47 -> 0.010416667 | G47: PARADA POR METALES | N47: CLIENTE
B48: DIA | C48: 45939 | D48: 0.41666667 | E48: 0.42708333 | F48: =+E48-D48 -> 0.010416667 | G48: PARADA POR METALES | N48: CLIENTE
B49: DIA | C49: 45939 | D49: 0.46875 | E49: 0.49652778 | F49: =+E49-D49 -> 0.027777778 | G49: CAMBIO DE BODEGA DE LA 2 A LA 4 | N49: ESTIBA
B50: DIA | C50: 45939 | D50: 0.49652778 | E50: 0.5 | F50: =+E50-D50 -> 0.0034722222 | G50: PARADA POR METALES | N50: CLIENTE
B51: DIA | C51: 45939 | D51: 0.5 | E51: 0.51041667 | F51: =+E51-D51 -> 0.010416667 | G51: PARADA POR METALES | N51: CLIENTE
... B63: NOCHE | C63: 45939 | D63: 0.0625 | E63: 0.069444444 | F63: =+E63-D63 -> 0.0069444444 | G63: EN ESPERA DE CARGA Y REINICIO DE EMBARQUE | N63: TISUR
F64: =+E64-D64 -> 0
F65: =+E65-D65 -> 0
F66: =+E66-D66 -> 0
D67: TIEMPO MUERTO | F67: =SUM(F40:F66) -> 0.31944444 | G67: =F67*24 -> 7.6666667
B69: REGISTRO DE PARADAS | G69: =IF(Informe!$D$46="","",Informe!$D$46) -> BODEGA N°1 | H69: =IF(Informe!$D$47="","",(Informe!$D$47)) -> EMBARQUE - LOTE 25105
B70: Jornada | C70: Fecha | D70: Paradas | F70: Total | G70: Detalle | H70: Detalle | N70: Imputable | O70: Imputable APN
D71: Inicio | E71: Termino
B72: DIA | C72: 45939 | D72: 0.70833333 | E72: 0.71875 | F72: =+E72-D72 -> 0.010416667 | G72: CAMBIO DE BODEGA N° 5 A 1 | N72: ESTIBA
B73: NOCHE | C73: 45939 | D73: 0.86111111 | E73: 0.875 | F73: =+E73-D73 -> 0.013888889 | G73: CAMBIO DE BODEGA N° 1 A 5 | N73: ESTIBA
B74: NOCHE | C74: 45939 | D74: 0.041666667 | E74: 0.0625 | F74: =+E74-D74 -> 0.020833333 | G74: CAMBIO DE BODEGA N° 5 A 1 | N74: ESTIBA
B75: NOCHE | C75: 45939 | D75: 0.0625 | E75: 0.069444444 | F75: =+E75-D75 -> 0.0069444444 | G75: EN ESPERA DE CARGA Y REINICIO DE EMBARQUE | N75: TISUR
F76: =+E76-D76 -> 0
F77: =+E77-D77 -> 0
F78: =+E78-D78 -> 0
F79: =+E79-D79 -> 0
F80: =+E80-D80 -> 0
F81: =+E81-D81 -> 0
F82: =+E82-D82 -> 0
F83: =+E83-D83 -> 0
D84: TIEMPO MUERTO | F84: =SUM(F72:F83) -> 0.052083333
B86: REGISTRO DE PARADAS | G86: =IF(Informe!$F$46="","",Informe!$F$46) -> BODEGA N°2 | H86: =IF(Informe!$F$47="","",(Informe!$F$47)) -> EMBARQUE - LOTE 25106
B87: Jornada | C87: Fecha | D87: Paradas | F87: Total | G87: Detalle | H87: Detalle | N87: Imputable | O87: Imputable APN
D88: Inicio | E88: Termino
B89: NOCHE | C89: 45939 | D89: 0.16666667 | E89: 0.20138889 | F89: =+E89-D89 -> 0.034722222 | G89: AJUSTE DE CABOS | N89: NAVIERO
B90: NOCHE | C90: 45939 | D90: 0.20138889 | E90: 0.20486111 | F90: =+E90-D90 -> 0.0034722222 | G90: EN ESPERA DE CARGA Y REINICIO DE EMBARQUE | N90: TISUR
B91: NOCHE | C91: 45939 | D91: 0.23958333 | E91: 0.25 | F91: =+E91-D91 -> 0.010416667 | G91: FALLA DE COMUNICACIÓN EN EL MANDO DEL SHIPLOADER | N91: TISUR
B92: NOCHE | C92: 45939 | D92: 0.25 | E92: 0.25694444 | F92: =+E92-D92 -> 0.0069444444 | G92: FALLA DE COMUNICACIÓN EN EL MANDO DEL SHIPLOADER | N92: TISUR
B93: NOCHE | C93: 45939 | D93: 0.38888889 | E93: 0.39930556 | F93: =+E93-D93 -> 0.010416667 | G93: PARADA POR METALES | N93: CLIENTE
B94: NOCHE | C94: 45939 | D94: 0.41666667 | E94: 0.42708333 | F94: =+E94-D94 -> 0.010416667 | G94: PARADA POR METALES | N94: CLIENTE
B95: NOCHE | C95: 45939 | D95: 0.46875 | E95: 0.49652778 | F95: =+E95-D95 -> 0.027777778 | G95: CAMBIO DE BODEGA DE LA 2 A LA 4 | N95: ESTIBA
B96: NOCHE | C96: 45939 | D96: 0.49652778 | E96: 0.5 | F96: =+E96-D96 -> 0.0034722222 | G96: PARADA POR METALES | N96: CLIENTE
F97: =E97-D97 -> 0
F98: =E98-D98 -> 0
F99: =E99-D99 -> 0
F100: =E100-D100 -> 0
F101: =E101-D101 -> 0
F102: =E102-D102 -> 0
F103: =E103-D103 -> 0
F104: =E104-D104 -> 0
F105: =E105-D105 -> 0
D106: TIEMPO MUERTO | F106: =SUM(F89:F105) -> 0.10763889
B108: REGISTRO DE PARADAS | G108: =IF(Informe!$H$46="","",Informe!$H$46) -> BODEGA N°3 | H108: =IF(Informe!$H$47="","",(Informe!$H$47)) -> EMBARQUE
B109: Jornada | C109: Fecha | D109: Paradas | F109: Total | G109: Detalle | H109: Detalle | N109: Imputable | O109: Imputable APN
D110: Inicio | E110: Termino
F111: =+E111-D111 -> 0
F112: =+E112-D112 -> 0
F113: =+E113-D113 -> 0
F114: =+E114-D114 -> 0
F115: =+E115-D115 -> 0
F116: =+E116-D116 -> 0
F117: =E117-D117 -> 0
F118: =E118-D118 -> 0
...

Sheet CHECKLIST LIQU PELIGROSOS
A2: FORSUR-O-0050 | F2: REVISION 14
B4: FECHA: | D4: RECALADA
B5: NAVE:
B6: AG. MARITIMA | D6: AG. ESTIBA
A7: LISTA DE VERIFICACION DE SEGURIDAD PARA OPERACIONES CON CARGA LIQUIDA PELIGROSA
A9: ITEM | B9: DESCRIPCION | C9: BUENO | D9: MALO | E9: NO HAY | F9: OBSERVACIONES
A10: 1 | B10: ILUMINACION EN LA ZONA DE MANIOBRA
A11: 2 | B11: AROS SALVAVIDAS
A12: 3 | B12: EQUIPOS DE LUCHA CONTRA INCENCIOS
A13: 4 | B13: LONA ENTRE LA NAVE Y EL MUELLE
A14: 5 | B14: REGIMEN DE DESCARGA ESTABLECIDO
A15: 6 | B15: REGIMEN DE DESCARGA MAXIMO
A16: 7 | B16: REGIMEN DE DESCARGA MINIMO
A17: 8 | B17: AVISOS / SEÑALIZACION
A18: 9 | B18: ESCALA CON RED
A19: 10 | B19: GUARDIA PERMANENTE
A20: 11 | B20: MANIFOLD DE ACIDUCTO
A21: 12 | B21: GUARDIAS DE SEGURIDAD
... A31: 22 | B31: KIT ANTIDERRAME
A33: OBSERVACIONES: | B33: UNIDADES DE LUCHA CONTRA INCENDIOS ASIGNADAS EN ZONA DE DESCARGA
A42: OPERACIONES | E42: SEGURIDAD
